<?xml version="1.0" encoding="UTF-8" standalone="yes"?>
<businessContext xmlns="http://xmlns.oracle.com/procmon" id="OrderProces_KZquLzZa" name="Order Process" revision="1.0" version="2.0">
    <description>Model for Avitek’s Order Process application</description>
    <noun>
        <singular>Order</singular>
        <plural>Orders</plural>
    </noun>
    <identifiers>
        <identifier id="OrderNumber_faWxjGAq" name="Order Number" ref="OrderReceiv_GjxpKbul">
            <description>Unique order number</description>
        </identifier>
    </identifiers>
    <milestones>
        <milestone id="OrderReceiv_GjxpKbul" name="Order Received" type="Initial">
            <description>Order received through website</description>
        </milestone>
        <milestone id="VerifyPayme_GhwvCVXK" name="Verify Payment" type="Standard">
            <description>Start of payment check</description>
        </milestone>
        <milestone id="SubmitPayme_lioxdZMO" name="Submit Payment" type="Standard">
            <description>Credit card check successful</description>
        </milestone>
        <milestone id="DeclinePaym_ArUjOmtq" name="Decline Payment" type="Faulted">
            <description>Credit card check failed</description>
        </milestone>
        <milestone id="ShipOrder_PvDFnRUP" name="Ship Order" type="Standard">
            <description>Order has been shipped to the customer</description>
        </milestone>
        <milestone id="ReturnOrder_wmENHZhC" name="Return Order" type="Faulted|Terminal">
            <description>Order has been returned within timeframe</description>
        </milestone>
        <milestone id="SystemError_wOYPreaM" name="Validation Error" type="Faulted|Terminal">
            <description>Validation Error</description>
        </milestone>
        <milestone id="CompleteOrd_UplyAEST" name="Complete Order" type="Terminal">
            <description>Order is complete</description>
        </milestone>
    </milestones>
    <businessConstants>
        <businessConstant id="Model_teVNncTw" name="Model" ref="OrderReceiv_GjxpKbul" filterable="false">
            <description>Model of the product</description>
        </businessConstant>
        <businessConstant id="ReturnReaso_uecMFdFl" name="Return Reason" ref="ReturnOrder_wmENHZhC" filterable="false">
            <description>Reason why an order was returned.</description>
        </businessConstant>
        <businessConstant id="ShippingSta_JxZmHRYp" name="Shipping State" ref="OrderReceiv_GjxpKbul" filterable="true">
            <description>US state to which the order has been shipped</description>
        </businessConstant>
    </businessConstants>
    <businessFacts>
        <businessFact id="TotalOrderA_sxyWGpFm" name="Total Order Amount" ref="OrderReceiv_GjxpKbul" filterable="true">
            <description>Total price of order</description>
        </businessFact>
        <businessFact id="NumberofIte_uCzTTNTm" name="Number of Items" ref="OrderReceiv_GjxpKbul" filterable="false">
            <description>Total number of items in order</description>
        </businessFact>
        <businessFact id="UnitPrice_qkiKizRx" name="Unit Price" ref="OrderReceiv_GjxpKbul" filterable="false">
            <description>Unit price of order item</description>
        </businessFact>
    </businessFacts>
    <properties>
        <property name="modelIcon" value="ID2"/>
        <property name="pendingTasks" value="0"/>
        <property name="totalTasks" value="1"/>
    </properties>
</businessContext>
