<?xml version="1.0" encoding="UTF-8" standalone="yes"?>
<businessContextMapping xmlns="http://xmlns.oracle.com/procmon" businessContextId="OrderProces_KZquLzZa">
    <identifierMappings>
        <identifier identifierId="OrderNumber_faWxjGAq" mapType="wire" mapping="milestone:OrderReceiv_GjxpKbul" value="identifier:OrderNumber_faWxjGAq" outputDataType="string" connectionId="ApiConnDef_001" productType="EXTERNAL" ref="OrderReceiv_GjxpKbul"/>
        <identifier identifierId="OrderNumber_faWxjGAq" mapType="bpel" mapping="ONLINE_SHOPPING_APP2/01.00.0000/r0" mappingDesc="ONLINE_SHOPPING_APP2/01.00.0000/Online Shopping App/r0/OrderReceived/receive" value="/nssrcmpr:execute/nsmpr1:request-wrapper/nsmpr1:OrderId" valueVersion="v1" outputDataType="string" outputNamespace="http://xmlns.oracle.com/cloud/adapter/REST/OrderReceived/types" connectionId="OCI_OIC_Integration" productType="ICS" ref="OrderReceiv_GjxpKbul" xmlns:nsmpr1="http://xmlns.oracle.com/cloud/adapter/REST/OrderReceived/types" xmlns:nssrcmpr="http://xmlns.oracle.com/cloud/adapter/REST/OrderReceived_REQUEST/types"/>
    </identifierMappings>
    <milestoneMappings>
        <milestone milestoneId="OrderReceiv_GjxpKbul">
            <milestoneMapping mapType="wire" mapping="milestone:OrderReceiv_GjxpKbul" connectionId="ApiConnDef_001" productType="EXTERNAL"/>
            <milestoneMapping mapType="bpel" mapping="ONLINE_SHOPPING_APP2/01.00.0000/r0" mappingDesc="ONLINE_SHOPPING_APP2/01.00.0000/Online Shopping App/r0/OrderReceived/receive" connectionId="OCI_OIC_Integration" productType="ICS"/>
        </milestone>
        <milestone milestoneId="DeclinePaym_ArUjOmtq">
            <milestoneMapping mapType="wire" mapping="milestone:DeclinePaym_ArUjOmtq" connectionId="ApiConnDef_001" productType="EXTERNAL"/>
            <milestoneMapping mapType="bpel" mapping="ONLINE_SHOPPING_APP2/01.00.0000/i2" mappingDesc="ONLINE_SHOPPING_APP2/01.00.0000/Online Shopping App/i2/DeclinePayment/invoke" connectionId="OCI_OIC_Integration" productType="ICS"/>
        </milestone>
        <milestone milestoneId="CompleteOrd_UplyAEST">
            <milestoneMapping mapType="wire" mapping="milestone:CompleteOrd_UplyAEST" connectionId="ApiConnDef_001" productType="EXTERNAL"/>
            <milestoneMapping mapType="bpel" mapping="ONLINE_SHOPPING_APP2/01.00.0000/y0" mappingDesc="ONLINE_SHOPPING_APP2/01.00.0000/Online Shopping App/y0/OrderReceived/reply" connectionId="OCI_OIC_Integration" productType="ICS"/>
        </milestone>
        <milestone milestoneId="ReturnOrder_wmENHZhC">
            <milestoneMapping mapType="wire" mapping="milestone:ReturnOrder_wmENHZhC" connectionId="ApiConnDef_001" productType="EXTERNAL"/>
            <milestoneMapping mapType="bpel" mapping="ONLINE_SHOPPING_APP2/01.00.0000/i4" mappingDesc="ONLINE_SHOPPING_APP2/01.00.0000/Online Shopping App/i4/ReturnOrder/invoke" connectionId="OCI_OIC_Integration" productType="ICS"/>
        </milestone>
        <milestone milestoneId="SystemError_wOYPreaM">
            <milestoneMapping mapType="wire" mapping="milestone:SystemError_wOYPreaM" connectionId="ApiConnDef_001" productType="EXTERNAL"/>
            <milestoneMapping mapType="bpel" mapping="ONLINE_SHOPPING_APP2/01.00.0000/lg0" mappingDesc="ONLINE_SHOPPING_APP2/01.00.0000/Online Shopping App/lg0/IntegrationFailure/activitystreamlogger" connectionId="OCI_OIC_Integration" productType="ICS"/>
        </milestone>
        <milestone milestoneId="SubmitPayme_lioxdZMO">
            <milestoneMapping mapType="wire" mapping="milestone:SubmitPayme_lioxdZMO" connectionId="ApiConnDef_001" productType="EXTERNAL"/>
            <milestoneMapping mapType="bpel" mapping="ONLINE_SHOPPING_APP2/01.00.0000/i1" mappingDesc="ONLINE_SHOPPING_APP2/01.00.0000/Online Shopping App/i1/SubmitPayment/invoke" connectionId="OCI_OIC_Integration" productType="ICS"/>
        </milestone>
        <milestone milestoneId="VerifyPayme_GhwvCVXK">
            <milestoneMapping mapType="wire" mapping="milestone:VerifyPayme_GhwvCVXK" connectionId="ApiConnDef_001" productType="EXTERNAL"/>
            <milestoneMapping mapType="bpel" mapping="ONLINE_SHOPPING_APP2/01.00.0000/i0" mappingDesc="ONLINE_SHOPPING_APP2/01.00.0000/Online Shopping App/i0/CheckCredit/invoke" connectionId="OCI_OIC_Integration" productType="ICS"/>
        </milestone>
        <milestone milestoneId="ShipOrder_PvDFnRUP">
            <milestoneMapping mapType="wire" mapping="milestone:ShipOrder_PvDFnRUP" connectionId="ApiConnDef_001" productType="EXTERNAL"/>
            <milestoneMapping mapType="bpel" mapping="ONLINE_SHOPPING_APP2/01.00.0000/i3" mappingDesc="ONLINE_SHOPPING_APP2/01.00.0000/Online Shopping App/i3/ShipProduct/invoke" connectionId="OCI_OIC_Integration" productType="ICS"/>
        </milestone>
    </milestoneMappings>
    <businessFactMappings>
        <businessFact businessFactId="UnitPrice_qkiKizRx" ref="OrderReceiv_GjxpKbul">
            <businessFactMapping mapType="wire" mapping="milestone:OrderReceiv_GjxpKbul" value="measure:UnitPrice_qkiKizRx" outputDataType="integer" connectionId="ApiConnDef_001" productType="EXTERNAL" ref="OrderReceiv_GjxpKbul"/>
            <businessFactMapping mapType="bpel" mapping="ONLINE_SHOPPING_APP2/01.00.0000/r0" mappingDesc="ONLINE_SHOPPING_APP2/01.00.0000/Online Shopping App/r0/OrderReceived/receive" value="/nssrcmpr:execute/nsmpr1:request-wrapper/nsmpr1:UnitPrice" valueVersion="v1" outputDataType="integer" outputNamespace="http://xmlns.oracle.com/cloud/adapter/REST/OrderReceived/types" connectionId="OCI_OIC_Integration" productType="ICS" ref="OrderReceiv_GjxpKbul" xmlns:nsmpr1="http://xmlns.oracle.com/cloud/adapter/REST/OrderReceived/types" xmlns:nssrcmpr="http://xmlns.oracle.com/cloud/adapter/REST/OrderReceived_REQUEST/types"/>
        </businessFact>
        <businessFact businessFactId="NumberofIte_uCzTTNTm" ref="OrderReceiv_GjxpKbul">
            <businessFactMapping mapType="wire" mapping="milestone:OrderReceiv_GjxpKbul" value="measure:NumberofIte_uCzTTNTm" outputDataType="integer" connectionId="ApiConnDef_001" productType="EXTERNAL" ref="OrderReceiv_GjxpKbul"/>
            <businessFactMapping mapType="bpel" mapping="ONLINE_SHOPPING_APP2/01.00.0000/r0" mappingDesc="ONLINE_SHOPPING_APP2/01.00.0000/Online Shopping App/r0/OrderReceived/receive" value="/nssrcmpr:execute/nsmpr1:request-wrapper/nsmpr1:NumberOfItems" valueVersion="v1" outputDataType="integer" outputNamespace="http://xmlns.oracle.com/cloud/adapter/REST/OrderReceived/types" connectionId="OCI_OIC_Integration" productType="ICS" ref="OrderReceiv_GjxpKbul" xmlns:nsmpr1="http://xmlns.oracle.com/cloud/adapter/REST/OrderReceived/types" xmlns:nssrcmpr="http://xmlns.oracle.com/cloud/adapter/REST/OrderReceived_REQUEST/types"/>
        </businessFact>
        <businessFact businessFactId="TotalOrderA_sxyWGpFm" ref="OrderReceiv_GjxpKbul">
            <businessFactMapping mapType="wire" mapping="milestone:OrderReceiv_GjxpKbul" value="measure:TotalOrderA_sxyWGpFm" outputDataType="integer" connectionId="ApiConnDef_001" productType="EXTERNAL" ref="OrderReceiv_GjxpKbul"/>
            <businessFactMapping mapType="bpel" mapping="ONLINE_SHOPPING_APP2/01.00.0000/r0" mappingDesc="ONLINE_SHOPPING_APP2/01.00.0000/Online Shopping App/r0/OrderReceived/receive" value="/nssrcmpr:execute/nsmpr1:request-wrapper/nsmpr1:UnitPrice*/nssrcmpr:execute/nsmpr1:request-wrapper/nsmpr1:NumberOfItems" valueVersion="v1" outputDataType="integer" outputNamespace="http://xmlns.oracle.com/cloud/adapter/REST/OrderReceived/types" connectionId="OCI_OIC_Integration" productType="ICS" ref="OrderReceiv_GjxpKbul" xmlns:nsmpr1="http://xmlns.oracle.com/cloud/adapter/REST/OrderReceived/types" xmlns:nssrcmpr="http://xmlns.oracle.com/cloud/adapter/REST/OrderReceived_REQUEST/types"/>
        </businessFact>
    </businessFactMappings>
    <businessConstantMappings>
        <businessConstant businessConstantsId="Model_teVNncTw" ref="OrderReceiv_GjxpKbul">
            <businessConstantMapping mapType="wire" mapping="milestone:OrderReceiv_GjxpKbul" value="dimension:Model_teVNncTw" outputDataType="string" connectionId="ApiConnDef_001" productType="EXTERNAL" ref="OrderReceiv_GjxpKbul"/>
            <businessConstantMapping mapType="bpel" mapping="ONLINE_SHOPPING_APP2/01.00.0000/r0" mappingDesc="ONLINE_SHOPPING_APP2/01.00.0000/Online Shopping App/r0/OrderReceived/receive" value="/nssrcmpr:execute/nsmpr1:request-wrapper/nsmpr1:Model" valueVersion="v1" outputDataType="string" outputNamespace="http://xmlns.oracle.com/cloud/adapter/REST/OrderReceived/types" connectionId="OCI_OIC_Integration" productType="ICS" ref="OrderReceiv_GjxpKbul" xmlns:nsmpr1="http://xmlns.oracle.com/cloud/adapter/REST/OrderReceived/types" xmlns:nssrcmpr="http://xmlns.oracle.com/cloud/adapter/REST/OrderReceived_REQUEST/types"/>
        </businessConstant>
        <businessConstant businessConstantsId="ReturnReaso_uecMFdFl" ref="ReturnOrder_wmENHZhC">
            <businessConstantMapping mapType="wire" mapping="milestone:ReturnOrder_wmENHZhC" value="dimension:ReturnReaso_uecMFdFl" outputDataType="string" connectionId="ApiConnDef_001" productType="EXTERNAL" ref="ReturnOrder_wmENHZhC"/>
            <businessConstantMapping mapType="bpel" mapping="ONLINE_SHOPPING_APP2/01.00.0000/i4" mappingDesc="ONLINE_SHOPPING_APP2/01.00.0000/Online Shopping App/i4/ReturnOrder/invoke" value="/nssrcmpr:execute/nsmpr10:request-wrapper/nsmpr10:ReturnReason" valueVersion="v1" outputDataType="string" outputNamespace="http://xmlns.oracle.com/cloud/adapter/REST/OrderReceived/types" connectionId="OCI_OIC_Integration" productType="ICS" ref="ReturnOrder_wmENHZhC" xmlns:nsmpr10="http://xmlns.oracle.com/cloud/adapter/REST/OrderReceived/types" xmlns:nssrcmpr="http://xmlns.oracle.com/cloud/adapter/REST/OrderReceived_REQUEST/types"/>
        </businessConstant>
        <businessConstant businessConstantsId="ShippingSta_JxZmHRYp" ref="OrderReceiv_GjxpKbul">
            <businessConstantMapping mapType="wire" mapping="milestone:OrderReceiv_GjxpKbul" value="dimension:ShippingSta_JxZmHRYp" outputDataType="string" connectionId="ApiConnDef_001" productType="EXTERNAL" ref="OrderReceiv_GjxpKbul"/>
            <businessConstantMapping mapType="bpel" mapping="ONLINE_SHOPPING_APP2/01.00.0000/r0" mappingDesc="ONLINE_SHOPPING_APP2/01.00.0000/Online Shopping App/r0/OrderReceived/receive" value="/nssrcmpr:execute/nsmpr1:request-wrapper/nsmpr1:ShippingState" valueVersion="v1" outputDataType="string" outputNamespace="http://xmlns.oracle.com/cloud/adapter/REST/OrderReceived/types" connectionId="OCI_OIC_Integration" productType="ICS" ref="OrderReceiv_GjxpKbul" xmlns:nsmpr1="http://xmlns.oracle.com/cloud/adapter/REST/OrderReceived/types" xmlns:nssrcmpr="http://xmlns.oracle.com/cloud/adapter/REST/OrderReceived_REQUEST/types"/>
        </businessConstant>
    </businessConstantMappings>
    <mapProperties>
        <property>
            <propKey>icsMessageContexts</propKey>
            <propValue xmlns:ns0="http://xmlns.oracle.com/procmon">
                <icsMessageContexts>
    <ns0:icsMessageContext integrationId="ONLINE_SHOPPING_APP2/01.00.0000">
        <ns0:entry>
            <ns0:icsVarName>^input</ns0:icsVarName>
            <ns0:contextId>messagecontext_13</ns0:contextId>
        </ns0:entry>
        <ns0:entry>
            <ns0:icsVarName>ReturnDecision</ns0:icsVarName>
            <ns0:contextId>messagecontext_937</ns0:contextId>
        </ns0:entry>
        <ns0:entry>
            <ns0:icsVarName>ShipProduct_REQUEST</ns0:icsVarName>
            <ns0:contextId>messagecontext_783</ns0:contextId>
        </ns0:entry>
        <ns0:entry>
            <ns0:icsVarName>ShipProduct</ns0:icsVarName>
            <ns0:contextId>messagecontext_785</ns0:contextId>
        </ns0:entry>
        <ns0:entry>
            <ns0:icsVarName>SubmitPayment</ns0:icsVarName>
            <ns0:contextId>messagecontext_86</ns0:contextId>
        </ns0:entry>
        <ns0:entry>
            <ns0:icsVarName>SubmitPayment_REQUEST</ns0:icsVarName>
            <ns0:contextId>messagecontext_84</ns0:contextId>
        </ns0:entry>
        <ns0:entry>
            <ns0:icsVarName>ReturnOrder_REQUEST</ns0:icsVarName>
            <ns0:contextId>messagecontext_1166</ns0:contextId>
        </ns0:entry>
        <ns0:entry>
            <ns0:icsVarName>CheckCredit</ns0:icsVarName>
            <ns0:contextId>messagecontext_340</ns0:contextId>
        </ns0:entry>
        <ns0:entry>
            <ns0:icsVarName>CheckCredit_REQUEST</ns0:icsVarName>
            <ns0:contextId>messagecontext_338</ns0:contextId>
        </ns0:entry>
        <ns0:entry>
            <ns0:icsVarName>ReturnOrder</ns0:icsVarName>
            <ns0:contextId>messagecontext_1168</ns0:contextId>
        </ns0:entry>
    </ns0:icsMessageContext>
</icsMessageContexts>
            </propValue>
        </property>
    </mapProperties>
</businessContextMapping>
